run_id,x1,x2,x3,x4,x5,x6,stress,displacement,time_s
1,292681949433.38,0.142651832139018,1.21225043980971e-05,10.7827368830654,203.97767742462,214086.593620003,1378413731.30326,0.0016650702822453,86.23048
2,276038984506.04,0.442785534118368,1.27343193385791e-05,11.5992332109045,207.98330287073,187294.952802096,1183026242.50949,0.0016729562554956,86.607658
3,215719385319.61,0.482705212166692,8.43125784524259e-06,11.805160827631,265.531466981519,367524.780636467,628738098.796602,0.0010106208524412,87.547876
4,220440910377.779,0.376149955357491,5.14213920028173e-06,12.7183174196451,332.519393130625,339425.145143785,446074544.496135,0.0007751385952823,86.189034
5,283488698443.404,0.42415084781956,1.13111651710421e-05,10.1692255212688,292.673206365275,461280.375058295,1067056079.06119,0.0014011173260612,86.241232
6,205754916151.798,0.191067623163051,1.00285094130479e-05,7.16604619560406,335.6669587236,139066.18579843,910491479.047863,0.0017517218665443,86.344205
7,268105866846.202,0.39194398521285,1.1156194115634e-05,14.1679948545092,96.0066347245846,399782.744487765,920509100.261157,0.0012861746013625,86.212907
8,261886973712.926,0.200669374984278,5.44631562986361e-06,10.5118520428463,201.925306558879,445307.64366627,514961831.339906,0.0006959834892492,86.194534
9,230607909200.586,0.268025925872315,1.14725813241415e-05,6.10495296872881,93.5931594926013,323196.780003206,843706470.063535,0.0016889734872329,86.833621
10,236142238731.569,0.261122013169522,1.29086222478275e-05,11.1088646672463,349.760617871785,197439.995354155,1240013943.33912,0.0018449532748521,87.115807
11,238875998571.04,0.245334139030645,9.95260621829956e-06,9.10830408150339,61.9147839026716,117406.191512215,825429060.119362,0.0016830350168995,76.15067
12,271390746005.062,0.368491183346225,6.16757662145267e-06,6.61077535998524,220.246402271552,119328.722037421,649203979.250895,0.0012003588773594,76.157317
13,223174225683.117,0.344046235304911,1.4812119421666e-05,6.79133403319226,88.6201031273139,254240.298609184,1029616980.67387,0.0021589804101613,76.162218
14,202149449277.004,0.210583133910682,1.06007967447465e-05,11.4668357328864,320.44510311277,268663.560692043,892385577.825215,0.0015085986385929,76.800957
15,206543247712.269,0.304409042525806,5.31460281496154e-06,6.55254817294134,331.169642677895,145563.478213667,497392178.842561,0.0012339478515243,76.162218
16,254849828653.392,0.114530356057046,7.53140004160064e-06,8.67652021056164,326.198780618377,362997.161266975,816275950.497735,0.0010405965928227,78.717332
17,281877889533.644,0.231579583514799,1.33730470361638e-05,8.92046074577663,225.530617974147,423469.48390278,1369851888.01766,0.0017042442465841,76.624145
18,259320247616.842,0.138727119498734,1.24585812966901e-05,9.30756203843749,339.756495934806,445900.422972711,1343533807.09916,0.0016028268962736,76.149421
19,299221332071.797,0.196965500333122,6.96549820997119e-06,12.840034160939,193.987994178,164488.56402808,841390108.72685,0.0010938554506393,48.567509
20,273556076122.672,0.349660683771431,1.25981677036185e-05,10.890124445684,171.951475872336,218246.138392578,1159887498.86558,0.001707255903453,48.53375
21,291117161976.881,0.267691942381456,1.47787840012297e-05,5.478491599616,267.197025887587,265143.774124425,1563830449.12996,0.0021522247711367,49.623846
22,227980140081.525,0.349044555514328,6.20409031795484e-06,10.3326295321963,114.706290546845,101609.404617612,551446846.103664,0.0012942965309411,113.609358
23,234335753477.789,0.202283163451021,8.6551506830227e-06,10.6027526797723,109.271537992525,417129.329066163,681583202.078385,0.001087355408922,113.977739
24,228584037031.329,0.283676289768939,6.86845908274629e-06,5.8432758503818,126.18758882118,394795.123951198,508903415.827701,0.0010073190707421,119.988116
25,263206407730.646,0.489882688002062,5.6434538929216e-06,7.3109641101834,232.249725454409,370615.702574292,512186214.116492,0.0007424819872822,120.122837
26,203683551437.022,0.311872311226393,8.9210065837115e-06,9.92870810136695,287.250287154378,351420.627475885,666094187.215889,0.0012193167377082,117.715074
27,208349797905.259,0.318828663753506,1.17779713500021e-05,13.731194613233,273.615251494013,303198.011207837,907499915.727406,0.0015401577768734,120.022276
28,231539526886.728,0.162086276748466,9.49901032554868e-06,11.014541713668,136.519206636542,174040.06152953,849899364.411707,0.001491447036473,120.695439
29,226820650101.502,0.435335382675058,1.38789561217319e-05,13.2704246251295,212.182350259181,200629.429912219,1089552869.27517,0.0018188245376784,119.919141
30,247391951413.98,0.297885862243631,1.32153820579105e-05,14.7160448651906,100.725242278326,478332.457149522,1089114637.60123,0.0014773983831292,120.081946
31,265211593520.844,0.164669701440287,9.62234620157604e-06,14.3467521315325,222.823968749263,346426.673129318,1000145531.10861,0.0012001937564766,119.339608
32,256731094904.44,0.110460046291835,5.00174406395848e-06,12.9323590013088,190.835611481169,213438.797962512,569989752.8664,0.0009022509601792,119.757642
33,286406558013.948,0.471533909905368,1.26705038661062e-05,14.4772380301756,182.022066038613,439542.7069805,1192526434.38162,0.0014137342825703,118.536556
34,217965906888.312,0.360326788740175,1.08352107531067e-05,13.0221729585208,196.328341967711,466910.255312715,791038585.108204,0.0012793137648466,120.443514
35,237165638624.191,0.244053594665949,5.25687417783215e-06,9.89028573740737,228.48577690839,401307.210664793,459603695.060152,0.0007272942065709,120.012999
36,204659799076.783,0.333522863004832,1.49126475044847e-05,13.9207627403212,165.309099393651,405321.625271827,1010750781.53673,0.0017604217875045,120.527612
37,284163482484.772,0.302500414026359,5.5411783942506e-06,13.6318156781095,159.377068916539,230491.127979532,589932972.064358,0.0008720244148619,118.676879
38,207731593611.012,0.287901033813036,9.11613789002442e-06,8.49320106468043,296.575635143697,166158.111263756,763953580.474317,0.0015528116808536,120.281229
39,225792465083.664,0.40975054276365,7.41780522656707e-06,9.43120359209836,120.502090211156,385953.325101361,520674727.753209,0.0009705382747203,120.174628
40,275584270645.754,0.250790400963265,1.39277894905166e-05,7.77989800862778,82.8852058812233,271774.484455602,1219548374.04281,0.0019421973620664,120.474171
41,213128793055.076,0.369838268402701,9.76348881279535e-06,9.27428023628055,65.1027858941397,193036.677990265,686489035.57875,0.0015482612720124,46.622785
42,296026352021.828,0.1170967316406,5.94731007001087e-06,11.6121012667941,185.055253252939,180797.847147973,745524835.321194,0.0009849568030658,46.81697
43,244900287251.262,0.275611497019417,6.42393591798695e-06,12.3218996028576,239.296359855575,392408.919159149,574871102.492772,0.000827326113188,49.479083
44,258570014499.706,0.477081579623262,1.04992302452836e-05,9.0685711609201,307.760760193042,421489.221829029,937487639.969902,0.0013038184084439,60.629547
45,233201370228.321,0.479426550735958,1.19339467846997e-05,7.94909105537006,84.2931407728163,125214.565567167,789210837.340582,0.0015432404707987,73.502932
46,214371747341.815,0.125805924059377,8.19138767985287e-06,10.981715471331,147.618208962173,237111.301148501,699106167.900807,0.001276351557949,73.629131
47,293510386157.503,0.21595337350033,6.58405393651559e-06,14.2648041227834,270.962618343736,330357.10690343,776635033.708127,0.000863469350064,73.547499
48,212589102488.791,0.318356412351798,9.03239517314499e-06,12.5168954236563,283.027083663791,105994.857550276,787253557.581432,0.0015641177864499,73.420397
49,278096573269.028,0.240034078488056,1.37612108602785e-05,7.27095058663846,154.475262068145,205821.056293355,1321751733.19785,0.0020103561537278,74.134305
50,289255641415.388,0.217862893194923,1.418423459624e-05,11.2537522176193,346.159897427537,111667.68064565,1711411737.48423,0.0020283736585214,74.150548
51,229037005610.325,0.398638066891769,5.79264543997574e-06,12.6114617680585,175.637554140681,226863.335652389,499938197.000021,0.0009802577027544,73.506113
52,269326435862.764,0.46141000114761,1.4645297518874e-05,12.4721585337562,233.872544665404,283431.570594577,1294514625.40452,0.0017715216661311,91.118643
53,250905024290.595,0.102225785527241,1.10370543119631e-05,7.41478806546815,91.4734235236825,176971.359616244,1022485698.83658,0.0017561693940524,91.031907
54,222144542487.06,0.385194387535383,9.58390855223295e-06,8.24638688023685,132.345615517298,382720.367824809,661063091.377675,0.0012721070233293,91.710124
55,262608347286.858,0.282635715614267,1.16944015351604e-05,8.75346390117476,217.38286144054,433397.903084111,1072283532.40446,0.0014925338642867,91.114553
56,295361976048.864,0.13243275440389,6.6174289312024e-06,14.8799298028488,68.2274215737848,474332.977108967,698461910.964487,0.0007483942711637,91.113584
57,272865707195.213,0.326473650892357,1.43058498207312e-05,7.63705498453925,54.8757471320706,338198.042873974,1152301284.1137,0.0019188809029606,91.11556
58,297766417780.935,0.378137447681808,6.0996196076493e-06,14.629648653551,311.522068962416,157075.680330153,745353956.599958,0.000983076206482,91.12055
59,298187888930.016,0.337585660734019,1.2256150249347e-05,13.8211600800442,79.7800701802772,290576.467309358,1153434287.06951,0.001497419559117,91.254388
60,287256769029.435,0.405439201250084,8.2569292106074e-06,6.20947037156409,243.998818042219,434402.992373414,761717295.463639,0.0011069346273288,91.246426
61,274107261010.297,0.466871551391811,8.84104246504474e-06,5.10148073148323,137.586868143951,308850.762750729,709396954.096437,0.0012214084206633,91.572444
62,280136898810.842,0.46498136893514,1.3077189489645e-05,13.1796087074619,178.438708355872,289306.043254603,1160736312.04401,0.0015369990972284,64.717319
63,240807421637.731,0.41748093453264,8.77491825898171e-06,8.89207276731212,253.079077971265,459636.928966668,682209964.171147,0.0011089785454304,47.484369
64,235561602931.906,0.325459264675231,8.34657011068018e-06,11.9385753169435,210.998094825756,151266.585721556,751244650.328612,0.0013625282584875,44.668577
65,264480982814.987,0.166675146289698,1.42793513973657e-05,10.4960187131778,286.64767982379,311506.019389404,1499185810.47942,0.0018743873935015,70.164318
66,266473596084.258,0.392508518943088,7.39572009499645e-06,14.9419303449128,73.774425585682,225258.106099998,667921213.411347,0.0010403378639947,70.164318
67,260734433492.71,0.146285162595638,7.76218539303465e-06,13.4281561103248,52.7466810375961,258266.254441476,730177004.929557,0.001090605023665,65.627377
68,209787102194.117,0.15072682785104,9.84462606492864e-06,6.80196535121633,341.686476874567,243844.533891042,902552937.176443,0.0015520820458737,85.091762
69,282903961802.006,0.106537595296608,7.08312604848756e-06,10.0036349795396,58.5021039656695,251288.661118785,729724152.274527,0.0010690947410226,85.888912
70,253947430745.179,0.307834896464975,1.05961703521774e-05,7.00757364061372,238.067844538559,246205.758901642,956287496.256507,0.0015831545860094,85.637164
71,216843848307.231,0.363735333705589,8.03022136946223e-06,12.0301827474683,141.709315268091,326026.814370378,586402196.67506,0.0010799899488155,85.255091
72,241104952862.78,0.252711924472296,1.34542126450403e-05,8.34138535527585,303.78998803427,376135.430578399,1207040853.42049,0.0017904724592342,85.349485
73,255835513201.504,0.272774441725954,1.31406940450654e-05,6.98500719711035,106.883005526333,316503.354003334,1066808896.93363,0.0018433641113699,85.370111
74,211315216367.171,0.177977731627274,7.85229255747531e-06,12.2000585603312,76.8019134122063,259883.932424578,608353053.67319,0.0011993530542838,85.30787
75,270970212517.2,0.437940239278138,1.28260790799865e-05,7.59097864666316,257.915818602536,111249.782711768,1203364770.48495,0.0018924264657387,85.727651
76,277899016974.726,0.183629116726416,7.216458076337e-06,12.121420512796,308.79179051326,278707.594825552,847708603.769861,0.0010196786543724,85.252469
77,290009221887.88,0.181163311443924,9.31835131195089e-06,5.21795660045993,162.697234602105,154598.678154487,1025353361.81018,0.0015965015732287,85.705536
78,224904475606.468,0.257557646843671,8.57862669358447e-06,11.7139684411643,112.318051487209,348610.416537859,649315150.839863,0.0011255839456735,45.586938
79,245067189555.067,0.34008764614954,7.16613645324077e-06,5.78667356198502,246.838829719456,318647.370089445,624577428.369879,0.0011003743756118,48.096261
80,219439631887.901,0.443309527358755,1.20964896815167e-05,8.07706201997031,101.472592237285,234404.639203759,817299686.22998,0.0016899622828982,58.436353
81,243884584975.661,0.448504435226954,9.28534020964701e-06,7.89529426617381,157.19225153408,131364.285511686,764843751.506965,0.0014701388140438,58.436838
82,248493487613.83,0.381411311980724,1.44401931893891e-05,6.03183066128914,248.988448904171,137915.422010362,1256260378.94265,0.0022265065796451,58.437442
83,279324734290.67,0.451117864514372,6.79934088411628e-06,5.96308405723834,262.889194518682,169051.922938628,685017421.232532,0.0011279824790362,58.433601
84,242599301120.955,0.156972984190362,1.09620980839142e-05,10.2455298475494,197.413885749516,411636.998361593,984421818.957433,0.0013828727918511,54.211462
85,210501941271.852,0.429602416638138,6.38252324857527e-06,9.53229341528123,149.084046028485,189301.798177438,492673530.204022,0.0011617327244368,55.31858
86,200814977037.494,0.206141805392183,1.01402660718499e-05,14.0174046507976,254.155440405121,127906.421360249,873939845.469274,0.0016557201180115,55.318002
87,267629883947.668,0.232823607450454,7.66566834169712e-06,9.60835758456237,117.333192629764,274829.052687083,717262306.66835,0.0011218680924779,55.318005
88,221785687577.835,0.415710894248749,1.45385374238303e-05,13.5383910335226,130.867084565183,333123.954684983,1023764896.54529,0.0017414950430989,71.337379
89,251588701129.543,0.355212154619642,1.03773755980264e-05,6.39110204029291,279.905152430025,408108.871274144,889027517.17952,0.0014136238796282,71.214898
90,201222822926.485,0.222690388394389,1.07102800375299e-05,6.47823826877514,169.033717965253,148289.935443833,822199000.945788,0.0018926097183444,71.888609
91,239862300363.482,0.173885203658519,1.12729119805847e-05,8.55666359097447,325.292467723689,449714.812455483,1087614434.04962,0.001464642453137,70.746132
92,218313672591.42,0.457130921074002,1.15398351624707e-05,5.30144685766826,299.363498517734,361068.642021647,825031038.035759,0.0015862704661353,70.727644
93,294294502113.347,0.187117548363854,1.18843869994045e-05,8.18259315950539,179.637502945258,456367.703928192,1271132489.78771,0.0015129091863482,70.744918
94,246828520127.643,0.122112545413216,1.35001105800934e-05,5.51044487220627,294.154229700572,427227.631119818,1351912160.11633,0.0018624370797479,60.421449
95,288582768815.431,0.291242085447553,1.23032732715045e-05,5.61829171509777,314.393200650363,207961.931806428,1341729773.90076,0.0018655303313434,60.504478
96,285573049989.035,0.423477857880336,5.8669997695809e-06,13.3504976303791,317.871794595321,294310.192323348,637972813.603453,0.0008107964441033,45.353116
97,257691186492.341,0.149291305797852,1.02152362457144e-05,5.07989953152285,62.1120760098975,298467.444182308,892538556.313001,0.0016084390462001,50.670018
98,232766410755.246,0.400393350511181,1.36060275791187e-05,11.3528582077206,145.763296023315,470793.742338155,986629232.81196,0.0016007546271923,50.6771
99,249400104622.336,0.127684632716749,7.91115252863465e-06,14.5389484106537,276.850606545102,356426.47547486,833048151.110435,0.0010094038244438,50.662957
100,252102882945.574,0.226120069940988,1.40529376064949e-05,9.79055842245829,122.475408718827,379903.922299711,1188455614.38237,0.0017789415541573,50.669666
101,200000000000.0,0.388967926273774,5e-06,5.0,50.0,480000.0,289646732.922976,0.0007366214753714,64.040085
102,200000000000.0,0.404180650717562,5e-06,5.0,55.1530877983767,480000.0,287164795.888237,0.0007332983983515,64.041557
103,204726048100.947,0.405630513512019,5e-06,5.59920906715148,50.0,480000.0,291649160.664091,0.0007159584972789,64.495512
104,200000000000.0,0.386495408660599,5e-06,5.0,50.0,480000.0,290221167.039938,0.0007370267361684,64.043162
105,200000000000.0,0.380549889348628,5.98422447902369e-06,5.0,50.0,438206.4969488,350220137.800886,0.0008982003688015,76.487375
106,200000000000.0,0.40734384781658,5.56010723840368e-06,5.30344684306201,57.9011649051192,476432.882283153,318076726.240807,0.0007945612723709,58.631217
107,206673680242.944,0.376322456715917,5.49508362343877e-06,5.78305706467844,60.6541697799716,480000.0,334049685.325907,0.0007748493189069,58.63272
108,204748269335.241,0.357690521886644,5e-06,5.0,50.0,480000.0,303984362.981466,0.0007382389484284,58.631416
109,200000000000.0,0.422919834906978,5.84261078752805e-06,5.57803935894633,66.8271608978053,478824.451691825,332775668.157136,0.0008159610743548,63.496699
110,203424800666.878,0.408093160593855,5.06509935914961e-06,5.21110030132561,60.3257120905285,480000.0,295794221.025716,0.0007326389573888,63.501266
111,200000000000.0,0.40781851378339,5e-06,5.33336976403941,73.143733734312,441872.687994324,294775570.076147,0.00074967906799,63.866435
112,203913339696.701,0.414713515548015,5e-06,5.0,59.456045474451,472456.054003806,289082301.772557,0.0007307635262444,63.690252
113,203208391810.339,0.370293837069337,5.73694740330974e-06,5.31811525940902,58.7714147033316,475068.357106888,343538517.548123,0.0008222765964849,63.656566
114,200000000000.0,0.385014962033001,5.19008896272883e-06,5.0,55.7226035230456,480000.0,303072148.783836,0.0007603038006944,63.671388
115,203616042227.358,0.382587525188969,5.40357075606257e-06,5.0,50.0,464392.329776004,316126503.437006,0.0007938646125648,48.603547
116,203081316674.728,0.39622979229148,5e-06,5.47954392896117,71.6606379408852,480000.0,296170261.557784,0.0007198154298771,64.236253
117,200000000000.0,0.405998098459452,5.12421243709305e-06,5.0,50.0,465917.363496345,289723655.437759,0.0007543899910168,63.596355
118,200000000000.0,0.386771802741055,5e-06,5.0,50.0,462880.47178102,286778110.289096,0.0007444876939692,63.561054
119,200000000000.0,0.353392101827392,5e-06,5.0,53.6380828064415,475296.857787518,297103735.27661,0.0007428846914407,63.560404
120,202229842988.141,0.39375233356725,5e-06,5.0,71.8305340476792,480000.0,296413393.458798,0.0007323702701987,64.254333
121,200000000149.046,0.489999999896332,5.00000000282376e-06,9.66254436163214,50.000002587054,472297.248591596,319114959.848915,0.0007657274793212,88.682503
122,200000000000.0,0.49,5e-06,9.45701241904735,55.1530939473234,476026.398805867,320850668.755097,0.0007752356150911,86.155991
123,204726048100.947,0.49,5e-06,10.2601604281607,50.0,480000.0,329373119.220701,0.0007654999091869,87.603132
124,200000000000.0,0.487527468135307,5e-06,8.6047321832269,50.0,476710.999847901,308031108.008938,0.0007289350248115,86.662266
125,200000000000.0,0.481581963074855,5.98422447902369e-06,9.24678729306868,50.0,430503.935186629,341860288.766704,0.0007363447914688,87.461124
126,200000000000.0,0.49,5.5601072590391e-06,9.96679691476398,57.9011651889839,468733.284975215,357308492.511272,0.0008209001719783,86.746833
127,206673680297.175,0.477354527855172,5.49508364376491e-06,10.4450605720134,60.6541697889729,480000.0,331809583.322997,0.000688888668484,86.412264
128,204748269689.323,0.45872503302001,5e-06,9.66281110965858,50.0,477476.942050079,283082877.07029,0.0006390191081808,87.047489
129,200000000000.0,0.49,5.84261078752805e-06,10.2416988195211,66.8271608978053,471128.96013213,379303021.892955,0.0008533319225664,86.226142
130,203424800769.305,0.49,5.06509936187148e-06,9.87339078298641,60.3257165965902,480000.0,333464774.936528,0.0007797397055598,86.997231
131,200000000000.0,0.49,5e-06,9.99692979835901,73.143736497606,434167.453166924,316864615.61333,0.000697849943917,88.449313
132,203913339997.736,0.49,5e-06,8.83269755745951,59.4560455074917,464753.925497067,325049176.765658,0.000762815290211,88.696218
133,203208393113.748,0.471325909628285,5.73694741198913e-06,9.97994569093769,58.7714148415356,467369.050631177,327932531.461478,0.0007090613627689,85.786465
134,200000000000.0,0.486047035540215,5.19008897649894e-06,9.63585811316864,55.7226078706109,480000.0,318799573.308052,0.0007183209867544,86.042292
135,203616039620.198,0.483580543681537,5.40357058637165e-06,9.33088259104588,50.0,456698.934194859,323718153.083756,0.000695117944998,85.619836
136,203081316674.728,0.49,5e-06,10.1400078668201,71.6606379408852,480000.0,331715170.179003,0.0007671622070262,85.622963
137,200000000000.0,0.49,5.12421245134848e-06,9.13094917926672,50.0,458212.935257306,323449287.544715,0.0007656305365881,85.604619
138,200000000000.0,0.487803876467282,5e-06,9.37161277692649,50.0,455181.710540788,305619633.740021,0.0006924140721029,85.58946
139,200000000000.0,0.454424175553618,5e-06,8.8546692480793,53.6380828064415,467597.550978014,273640190.663589,0.0006512077577644,86.123353
140,202229842988.141,0.49,5e-06,9.25338668023196,71.8305340476792,480000.0,329009800.056413,0.0007821708726298,86.672153
141,200000000000.0,0.134750485686637,5e-06,5.0,50.0,480000.0,340308073.377553,0.0007489701534591,84.930167
142,200000000000.0,0.134750484844423,5e-06,5.0,50.0,480000.0,340308073.528136,0.0007489701534493,85.673546
143,200000003494.842,0.134750484551541,5.00000027516592e-06,5.00000046299002,50.0000097130732,479999.977494594,340308092.43069,0.0007489701824237,87.244593
144,200000020750.414,0.134750541143859,5.00000021504683e-06,5.0000006364486,50.0000227413568,479999.881789708,340308078.473976,0.0007489702023175,63.775845
145,200000001989.947,0.134750482172784,5e-06,5.00000038460529,50.0000062403141,479999.980040982,340308071.340799,0.0007489701501112,68.895594
146,200000008951.568,0.134750541390683,5.00000089331852e-06,5.00000530171953,50.0000722632858,479999.867067531,340308101.325163,0.0007489701688466,69.259345
147,200000019271.435,0.134750539009397,5e-06,5.00000056673333,50.0000193726959,479999.882901795,340308061.064904,0.0007489701779555,69.211305
148,200000004648.305,0.134750539535109,5e-06,5.0000051711067,50.0000641229378,479999.875849269,340308033.519481,0.0007489700596546,67.36087
149,200000000000.0,0.467150154629349,5e-06,8.12525650619261,50.0,430269.504253216,273635376.052609,0.0006562409026779,56.811666
150,200000000000.0,0.461947656088108,5e-06,8.47812357739337,58.856012671708,439047.943301856,277756630.012157,0.0006544495616777,53.998286
151,200000000000.0,0.454987660022997,5e-06,8.2934938672169,50.0,441889.166478766,278501880.378711,0.0006612382153939,52.931642
152,200000000000.0,0.459615106352017,5e-06,8.5702569078109,77.5455150394413,468020.539519483,277872230.262508,0.0006543841957895,52.931449
153,203619487775.061,0.466619433617296,5e-06,9.27674447508839,50.0,470908.096083019,280189625.651466,0.0006414087397363,53.850723
154,200000000000.0,0.466480800446464,5e-06,8.28739116830624,50.0,441379.697054164,271183303.141821,0.0006529279205695,78.450483
155,200000000000.0,0.464038392668436,5e-06,9.73326098236327,50.0,430306.531981988,280293996.853295,0.0006381240845016,78.472921
156,200000000000.0,0.466332770565951,5e-06,8.07608370756495,60.564374848329,432528.501021176,275878914.037971,0.0006576391221158,78.46846
157,200000000000.0,0.466592717952575,5e-06,8.60450010319873,50.0,445873.909328712,270486663.051424,0.0006483143959057,78.460717
158,200000000000.0,0.468406910126155,5e-06,7.91257846642962,50.0,452049.831494562,269554951.504067,0.0006569475666429,79.370439
159,200000000000.0,0.46735319952133,5e-06,9.40020112104479,50.0,438018.365562621,274401846.667495,0.0006380966031777,78.47491
160,200000000000.0,0.470176829647639,5e-06,9.01415472345962,50.0,440432.853320275,269875381.715072,0.0006406398154127,78.380663
161,200000000000.0,0.466074876380358,5e-06,8.75299546127971,50.0,431526.332509777,275739365.260058,0.0006483153209025,91.668507
162,200000000000.0,0.462792191294736,5e-06,8.42329793983168,50.0,431818.848461418,277354803.993004,0.0006559247989627,91.706387
163,200000000000.0,0.469246196470585,5e-06,7.92995574735786,50.0,439500.514511778,268262189.206592,0.0006559130156693,92.102021
164,200000000000.0,0.464168943006299,5e-06,9.11337957851601,50.0,429611.682307549,278750721.999974,0.000645852096002,92.4013
165,200000000000.0,0.465645837248694,5e-06,5.0,50.0,420352.446468591,274715192.132962,0.0007240881097928,98.008894
166,291646013438.981,0.486585486932079,5.157461129774e-06,13.4544408869928,256.9837183814,113527.112536717,547778193.284361,0.0007593206280114,51.819938
167,202864044043.523,0.484406257714267,8.85151971149223e-06,14.7385472975991,344.889823479754,101419.13045687,697974997.050215,0.0013016899852936,51.942099
168,224209964689.449,0.487973221776194,5.2987582004068e-06,13.1796822489964,314.450731803017,126303.183158186,461374070.068747,0.0008685530499848,50.834795
169,257522740489.831,0.484670949005475,5.68441636276431e-06,14.0921385224917,277.613475182115,113660.744665405,557715152.252275,0.000881206128028,51.816715
170,200000000000.0,0.463638628311704,5e-06,6.94672998515782,50.0,475642.774375386,274643525.964188,0.0006766297421273,53.988598
171,200000000000.0,0.463841395843406,5e-06,7.30944999201974,50.0,474406.7857364,274381005.665781,0.0006707079806202,84.725631
172,200000000000.0,0.463382684209744,5e-06,7.70328299474991,50.0,476888.482550991,275101241.875621,0.0006656430312205,84.101368
173,200000000000.0,0.464277052590972,5e-06,7.08628247888541,50.0,461971.428995277,271077703.565007,0.000672245443697,84.265554
174,200000000000.0,0.46607076263436,5e-06,8.00605828274793,50.3125991376739,477021.020791442,275732957.583678,0.000661366718586,84.012592
175,200000000000.0,0.465158687384962,5e-06,7.62668919614075,50.0,462046.223746695,271365637.942771,0.0006635298324439,84.158711
176,200000000000.0,0.463180735317131,5e-06,8.30754593964336,50.0,474802.506042567,274817191.487577,0.0006569616054755,85.094648
177,200000000000.0,0.466245421360402,5e-06,7.14234569944285,50.0,450875.621198195,268474299.398957,0.0006699403287376,84.171315
178,200000000000.0,0.46303994641061,5e-06,7.92697771198216,50.0,464762.85553453,271911731.56108,0.0006602898989329,84.160551
179,200000000000.0,0.465614860453177,5e-06,8.6225325613862,50.0,475569.381167745,275583140.710555,0.000653002318851,84.462609
180,200000000000.0,0.466721016666053,5e-06,7.45666800216723,50.0,449061.287622312,268167222.524013,0.000664635418091,84.223564
181,200000000000.0,0.465789112176221,5e-06,6.96786684064953,63.5492094330285,470337.163083536,275884161.706533,0.0006750351478268,49.769321
182,200000000000.0,0.46212811073197,5e-06,6.03406498536524,50.0,480000.0,275839694.277157,0.0006935316643342,52.930237
183,213331246626.995,0.100054566095677,5.34200048706361e-06,12.0338543557255,342.688794168928,446799.111169975,494003090.594116,0.0006988533677194,57.951776
184,201889313965.364,0.160900955601504,5.11721917817268e-06,12.9579121152061,334.503305842919,476156.868465942,429955007.834057,0.0006711396340538,59.528226
185,292543108970.736,0.301856749227323,5.48556106176857e-06,5.82927862967861,348.465643322956,459395.795422914,601151665.387365,0.0007593392765445,59.441198
186,209859618384.303,0.102205104440809,8.19822709126704e-06,11.5795570027095,321.911086072735,435060.258394236,726593305.378173,0.0010442799171804,59.440748
187,200000000000.0,0.472020964307819,5e-06,6.72075601330224,50.4860991361947,442156.614295997,268018407.174739,0.0006728082197115,79.087177
188,201889750632.54,0.484365016136718,5.02108532207458e-06,11.0288064371509,102.194106838592,247872.256455895,324665397.975931,0.000758601828726,78.772541
189,200000000000.0,0.475534508408909,5e-06,6.46862375881385,50.0,435003.62642765,268253647.688647,0.000674068162842,78.770691
190,200000000000.0,0.473145173228974,5e-06,7.07226926488088,50.0,434654.712349144,266534736.410054,0.0006658250467706,78.772027
191,200000000000.0,0.473033234520085,5e-06,7.48251883147226,50.0,435469.949295231,266789701.734602,0.0006594197831559,78.768173
192,209793766049.683,0.488747676489246,5.3649100460044e-06,7.61619565148815,81.850288658412,289403.255791549,319885801.289339,0.0006666044379365,54.222086
193,201972147607.903,0.481859922076436,6.17922279648448e-06,5.21064215443625,101.334891457985,152880.567763379,396476262.097838,0.001112301465876,57.236666
194,223567283537.502,0.489505099095671,5.36076922554239e-06,8.57421512391095,108.631312494942,189534.80125631,341122462.49954,0.000717438730783,57.121682
195,200449414176.644,0.466184192714469,5.24992143433109e-06,5.44418522609767,109.178599000085,187869.821539483,374083892.548926,0.0011126165355172,57.120806
196,208986089130.791,0.167190574304004,5.12077590516363e-06,7.79730349730033,62.4707263514821,410860.208394794,360466142.246643,0.0007790528156832,76.665241
197,200000000000.0,0.475117272004608,5e-06,6.67529494758365,50.0,425658.271656856,265969611.56599,0.0006706986008431,77.389625
198,203930033052.945,0.166328274884562,5.11211612218305e-06,6.34095694046711,85.3661986940712,121304.05084675,455018767.888969,0.0013643573269152,76.75733
199,200000000000.0,0.471772072736326,5e-06,5.0,50.0,439679.858937546,267625849.301776,0.0007090289482197,76.720847
200,200429326521.984,0.142524737270543,5.32599629789122e-06,10.5859454462655,305.931296232844,100810.68710067,550249447.06968,0.0013050401331209,76.706563
201,201022600777.514,0.118695975507371,5.12223031162099e-06,11.8509103640008,122.655749319199,119521.178383591,480629277.07947,0.0012627771469522,76.681188
202,217117195122.801,0.135819134147824,5.12940854922791e-06,8.03964174191229,316.08184024913,111580.231756637,565898973.871373,0.001231750618912,76.677136
203,203413190262.716,0.1254651000697,5.72699573156153e-06,14.6408882773222,198.891702744832,115528.281506488,562475164.485767,0.0012642572348282,76.666508
204,200000000000.0,0.4812554944219,5e-06,5.73104117483152,50.0,390012.735980521,268790515.414276,0.0006812171520989,77.705497
205,200000000000.0,0.47723579186497,5e-06,5.74025866877353,50.0,407215.95623644,264508055.711829,0.0006878217228266,77.508198
206,200000000000.0,0.478610775116201,5e-06,5.96498925332271,50.0,397322.862189055,265098628.367499,0.0006818769536951,77.500871
207,200000000000.0,0.477296143156207,5e-06,6.05673700192264,50.0,410068.203251484,265483899.446241,0.0006805313724021,77.993703
208,200000000000.0,0.476846065163712,5e-06,5.86789874623549,50.0,419601.998104485,266518788.75095,0.0006841247973643,54.905774
209,210349948757.219,0.332128063496478,5.07659109166064e-06,14.8083760052074,67.5060049801284,461764.355225174,330085329.618778,0.0006142865933996,67.808915
210,200000000000.0,0.479736309308092,5e-06,6.30261945231661,50.0,389321.951349593,265901928.982501,0.0006738616549651,65.25174
211,204109779692.621,0.263911867381885,5.29767875492712e-06,9.56508891614689,145.619814285804,470185.322025213,362866719.553948,0.0006976847011703,65.25078
212,200000000000.0,0.473887678659492,5e-06,5.67663498062513,50.0,431657.374325821,266239392.646866,0.0006913472947768,71.680436
213,200000000000.0,0.478616174818003,5e-06,6.3413992216523,50.0,406021.498800247,267287893.191611,0.0006729210967837,71.677052
214,200000000000.0,0.481366546722459,5e-06,6.60965931551714,50.0,388628.738616789,269457885.608258,0.00066384601918,71.67955
215,200000000000.0,0.475560220885943,5e-06,6.26853102764827,50.0,423462.383937976,265650368.6216,0.0006777294414064,71.681137
216,297469350559.055,0.262311796808088,5.3266471839019e-06,14.9114511026836,342.927289997829,116994.366208693,728284234.501214,0.0009729250908184,50.01188
217,294369445926.516,0.260810681228644,5.26272956026522e-06,11.26642734275,312.53999183735,112431.238444555,688499789.961517,0.0010097644631912,54.069813
218,289597481434.426,0.283915189562008,5.08992412637916e-06,11.775586812478,316.69823846632,106060.595270894,655521232.09758,0.001004062484408,52.491662
219,293797239862.497,0.114194689028978,5.84396130851483e-06,5.26252744629801,324.048175712699,478658.123423621,720547967.302377,0.0008096548748202,52.494013
220,200000000000.0,0.476702892904502,5e-06,5.0,50.0,387694.870333554,268646849.363053,0.0007150619647657,53.739006
221,202725909581.509,0.222144050045542,5.03457357302884e-06,13.4643018222716,78.0234398861924,477002.7083152,343002505.435816,0.0006287232837732,63.776916
222,200000000000.0,0.475847949386944,5e-06,5.2915303653627,50.0,401627.088815177,266107540.409518,0.0007032931500468,63.778118
223,200000000000.0,0.477069029611743,5e-06,5.3997253273704,50.0,388058.879362791,267801765.364326,0.0007024400360959,49.726807
224,200000000000.0,0.476252432870957,5e-06,5.0,50.0,372903.987804356,274171093.839822,0.0007412884408772,52.095345
225,200000000000.0,0.477182715018574,5e-06,5.0,50.0,404901.012328268,263562250.245233,0.000706453611837,52.091768
226,200000000000.0,0.478163662648093,5e-06,5.36300209403129,50.0,376784.777898228,268744165.345419,0.0007082355186377,49.742317
227,200000000000.0,0.476049332518283,5e-06,5.68876780878801,50.0,379360.583588356,272822212.30569,0.0007106469912601,54.710675
228,200000000000.0,0.474720203532344,5e-06,5.44443028562417,50.0,414220.661709537,264394039.240938,0.0006982253795928,61.240516
229,206632953437.655,0.298574850948383,5.0222512604571e-06,8.61660855766929,51.3102976247953,336960.89970389,349313439.889616,0.0008751762097713,61.23678
230,200000000000.0,0.476843798356637,5e-06,6.13269162460274,50.0,372657.401847701,273858627.252484,0.0007036041684742,61.246343
231,200000000000.0,0.47588539883447,5e-06,5.0,60.1428319074788,371928.209710788,277466991.091957,0.0007443376671288,61.244831
232,293017481381.562,0.100531215387985,8.72115598995216e-06,14.8627896849509,263.672085592821,462353.046063287,1070172672.28741,0.0010312091588696,58.453518
233,297560840472.725,0.43894330862456,5.7007510263846e-06,5.79050523838558,85.5345249208895,105603.88839638,588247444.611567,0.0011140614073953,58.462958
234,264014708895.558,0.424954454838613,5.18113753622936e-06,12.2163216661054,67.0039581126472,103980.987184748,512787013.610137,0.0010407801612918,58.462315
235,299042852711.397,0.252154707327963,8.05832211123592e-06,12.9125167845856,59.9219769543113,464195.562130347,786100388.58278,0.0009303111087387,58.475017
236,207532446571.397,0.111568267940473,5.24814945027023e-06,12.5242204157759,72.7974152610867,391918.77383724,397437593.33288,0.0007476564121681,54.154245
237,218997203380.643,0.105107781554237,5.05194153661086e-06,11.3629565683587,73.0082077986663,370961.511320453,408442271.915232,0.0007620166246531,61.464134
238,212556519507.343,0.111980815496813,5.00908679994864e-06,13.5153026227565,92.9118859683405,384325.959358817,401144307.277458,0.0007195970118908,61.463237
239,200955870996.914,0.111718042580787,5.52257824057194e-06,13.4536406522283,64.7215537878911,353069.351671158,416863353.383863,0.0008359317381483,56.826565
240,203747793009.189,0.25945665166773,5.21058102268843e-06,13.7304296863579,53.1626826210785,225755.153132837,408154795.876507,0.0010295914953796,62.736473
241,209944191684.999,0.19159990269194,5.35220472875416e-06,5.36235960903042,53.8217506643905,458891.261054172,364602742.244728,0.0007920754983614,85.619972
242,205165709328.64,0.133659030388375,5.04272277199183e-06,8.21949994809203,87.5806479281596,357082.406859235,382292225.307687,0.0008538279490048,85.34391
243,201074362375.547,0.207506513485416,5.66260323690882e-06,6.83767872074328,50.6634017264541,471842.763241162,367751623.626596,0.0007881370069695,84.632487
244,297535415466.878,0.48707145106882,5.07981622434392e-06,13.1377058280557,52.4082605793593,222359.474009814,435016949.449137,0.0005904973329591,84.599526
245,200669702481.234,0.11521092993372,5.6794000675502e-06,13.9913496481822,58.1826587792223,349920.067966085,426310735.745299,0.0008496543809585,84.601488
246,200111573881.807,0.214627117167671,5.03889109614327e-06,10.454276374896,65.4336256734499,413546.567936916,335305284.978217,0.0007292898847049,84.581942
247,219117712558.656,0.293023487569358,5.11796890756731e-06,5.41335811641816,80.3279233561232,468494.791484065,352229253.226213,0.0007423657560716,84.576672
248,208086873339.326,0.299092753476032,5.13843635142981e-06,12.590504537804,86.6895872539368,467684.029674215,339978317.816237,0.0006425655441419,84.812486
249,203206885220.13,0.109224018238902,5.24986918627726e-06,6.61463894276566,174.045849496893,379449.825011601,417930732.099401,0.0008568183900534,42.701749
250,214662169271.649,0.262032446861505,5.00247798753956e-06,7.8837259709725,54.7615344942706,211953.221811564,407556664.010566,0.0011005130936292,42.70099
251,200000000000.0,0.477182715018574,5e-06,5.0,50.0,394901.012328268,265373358.482236,0.0007097962582006,42.023786
252,200000000000.0,0.477182715018574,5e-06,5.0,50.0,404901.012328268,263562250.245883,0.0007064536118397,54.64634
253,200000000000.0,0.477182715018574,5e-06,5.0,50.0,414901.012328268,265639634.333471,0.0007042136915117,52.551783
254,200000000000.0,0.477182715018574,5e-06,5.0,50.0,394901.012328268,265373358.482236,0.0007097962582006,63.580269
255,200000000000.0,0.477182715018574,5e-06,5.0,50.0,404901.012328268,263562250.245883,0.0007064536118397,63.58027
256,200000000000.0,0.477182715018574,5e-06,5.0,50.0,414901.012328268,265639634.333471,0.0007042136915117,63.580269
257,200000000000.0,0.477182715018574,5e-06,5.0,52.0,394901.012328268,265816700.916422,0.0007097219048035,51.427448
258,200000000000.0,0.477182715018574,5e-06,5.0,52.0,404901.012328268,264026609.659468,0.0007063852850855,51.428242
259,200000000000.0,0.477182715018574,5e-06,5.0,52.0,414901.012328268,266103928.076537,0.0007041515461303,50.297274
260,200000000000.0,0.469246196470585,5e-06,7.92995574735786,50.0,429500.514511778,271346984.579151,0.000656983252873,53.892021
261,200000000000.0,0.469246196470585,5e-06,7.92995574735786,50.0,439500.514511778,268262189.207647,0.0006559130156745,49.402229
262,200000000000.0,0.469246196470585,5e-06,7.92995574735786,50.0,449500.514511778,269137628.405681,0.0006560530340061,53.90154
263,200000000000.0,0.469246196470585,5e-06,7.92995574735786,50.0,429500.514511778,271346984.579151,0.000656983252873,59.070445
264,200000000000.0,0.469246196470585,5e-06,7.92995574735786,50.0,439500.514511778,268262189.207647,0.0006559130156745,59.070445
265,200000000000.0,0.469246196470585,5e-06,7.92995574735786,50.0,449500.514511778,269137628.405681,0.0006560530340061,59.07121
266,200000000000.0,0.469246196470585,5e-06,7.92995574735786,52.0,429500.514511778,271789337.440523,0.0006570423336754,101.560892
267,200000000000.0,0.469246196470585,5e-06,7.92995574735786,52.0,439500.514511778,268704358.857282,0.0006559800941338,101.902686
268,200000000000.0,0.469246196470585,5e-06,7.92995574735786,52.0,449500.514511778,269479094.245978,0.0006561279976348,101.788954
269,200000000000.0,0.475534508408909,5e-06,6.46862375881385,50.0,425003.62642765,266183387.785239,0.0006739277084245,102.168471
270,200000000000.0,0.475534508408909,5e-06,6.46862375881385,50.0,435003.62642765,268253647.687387,0.0006740681628444,101.268956
271,200000000000.0,0.475534508408909,5e-06,6.46862375881385,50.0,445003.62642765,270603302.987988,0.0006753774627434,101.192773
272,200000000000.0,0.475534508408909,5e-06,6.46862375881385,50.0,425003.62642765,266183387.785239,0.0006739277084245,101.20056
273,200000000000.0,0.475534508408909,5e-06,6.46862375881385,50.0,435003.62642765,268253647.687387,0.0006740681628444,101.171479
274,200000000000.0,0.475534508408909,5e-06,6.46862375881385,50.0,445003.62642765,270603302.987988,0.0006753774627434,101.195174
275,200000000000.0,0.475534508408909,5e-06,6.46862375881385,52.0,425003.62642765,266651363.337402,0.0006739526987918,101.117214
276,200000000000.0,0.475534508408909,5e-06,6.46862375881385,52.0,435003.62642765,268721554.487665,0.0006740983018566,101.180614
277,200000000000.0,0.475534508408909,5e-06,6.46862375881385,52.0,445003.62642765,270922390.880989,0.0006754126871523,101.176787
278,200000000000.0,0.4771827,5e-06,5.0,50.0,396261.086834285,264954763.175359,0.0007092774033196,56.855277
279,200000000000.0,0.4771827,5e-06,5.0,50.0,400530.499472892,263641265.527996,0.0007077797069387,54.794575
280,200000000000.0,0.4771827,5e-06,5.0,50.5290165331381,401110.481754147,263580137.704448,0.0007075728316751,51.39474
281,200000000000.0,0.4771827,5e-06,5.0,51.8189712326646,402723.646808177,263532664.830085,0.0007070246104748,49.40501
282,200000000000.0,0.4771827,5e-06,5.0,50.0,414602.697232644,265577590.617285,0.0007042644719654,49.754554
283,200000000000.0,0.4771827,5e-06,5.0,50.8066075599675,398981.149839463,264296584.341655,0.0007082709924398,55.460225
284,200000000000.0,0.4771827,5e-06,5.0,51.2728258391711,403148.267902921,263493971.102277,0.0007069158806587,60.520602
285,200000000000.0,0.4771827,5e-06,5.0,51.6969692607355,405075.104741624,263992363.092483,0.0007063472106028,122.616864
286,200000000000.0,0.4771827,5e-06,5.0,51.11032389092,412562.187546686,265411227.376764,0.0007046026848505,124.734589
287,200000000000.0,0.4771827,5e-06,5.0,50.0,407674.666943157,264138100.031614,0.0007057213160887,122.589897
288,200000000000.0,0.4771827,5e-06,5.0,50.0,395470.087939316,265198219.885772,0.0007095767375033,121.245259
289,200000000000.0,0.4771827,5e-06,5.0,51.4673638759055,413888.159517633,265769704.346236,0.0007043438642695,122.531336
290,200000000000.0,0.4771827,5e-06,5.0,50.0,411535.819198868,264940174.418147,0.0007048436377057,121.235261
291,200000000000.0,0.4771827,5e-06,5.0,50.7609204800257,408306.134128994,264445903.678622,0.0007055411100715,122.28781
292,200000000000.0,0.4771827,5e-06,5.0,50.0,398601.008496255,264234762.045007,0.0007084318770972,121.292176
293,200000000000.0,0.4771827,5e-06,5.0,50.3581167757528,404026.375942808,263463828.132435,0.0007066897617662,121.224911
294,200000000000.0,0.4771827,5e-06,5.0,50.0,406294.290323315,263851470.492762,0.000706075154682,121.289563
295,200000000000.0,0.4771827,5e-06,5.0,50.1309798842665,408954.18020902,264434249.083265,0.0007054078072433,122.887867
296,200000000000.0,0.4771827,5e-06,5.0,50.0,410468.23726038,264718359.097635,0.0007050697720478,121.190478
297,200000000000.0,0.4771827,5e-06,5.0,50.0,397581.658196098,264548384.463643,0.0007087928669981,122.581463
298,205000000000.0,0.4671827,5e-06,6.0,50.0,404901.0,284137469.32066,0.0007030907068005,59.320842
299,200000000000.0,0.4871827,5e-06,5.0,50.0,404901.0,289747580.516195,0.000702680590698,59.325834
300,203000000000.0,0.4821827,5e-06,5.5,50.0,404901.0,278394435.053776,0.0006824059524073,59.324423
